ID,startDate,maturityDate,cashAmount,repoType,repoRate,InitialMargin
VS25B1N9,2024-10-16,2024-10-17,5634084.24,Bilateral,0.0679,0.0284
3PE0B51L,2025-02-16,2025-02-17,6195004.49,Bilateral,0.0923,0.0165
OXB9X70Z,2024-04-11,2024-04-12,2038683.14,Tri-Party,0.0387,0.0284
JOEOE24E,2025-03-29,2025-03-30,3885165.92,Tri-Party,0.0565,0.0177
0J0EHEOL,2024-04-26,2024-04-27,7158036.8,Bilateral,0.0712,0.0121
PJJ0GPH8,2024-07-04,2024-07-05,4558629.78,Tri-Party,0.0155,0.0107
I06WT9S0,2025-03-20,2025-03-21,7229855.09,Bilateral,0.0699,0.0131
UIQZZBZX,2024-01-15,2024-01-16,5826128.48,Bilateral,0.0377,0.0203
PVMVDQCY,2025-02-09,2025-02-10,5148854.82,Tri-Party,0.0835,0.0142
JOVBD01P,2024-07-20,2024-07-21,3468627.84,Tri-Party,0.0923,0.025
5RR3HYNY,2024-02-22,2024-02-23,9549741.09,Bilateral,0.0942,0.0131
54NSNL06,2024-04-20,2024-04-21,6086354.18,Bilateral,0.0469,0.0101
00B5X783,2024-11-17,2024-11-18,1568416.08,Bilateral,0.0983,0.0258
TO2HSLPW,2025-02-17,2025-02-18,4734271.64,Tri-Party,0.0255,0.0207
Q6N35MD6,2025-01-22,2025-01-23,4333001.6,Tri-Party,0.0209,0.0229
ACH7PV3O,2024-08-09,2024-08-10,6871778.86,Tri-Party,0.0299,0.0159
LS9F4M8S,2024-04-23,2024-04-24,7819752.91,Bilateral,0.0298,0.026
7CXD5QF5,2024-02-09,2024-02-10,3694584.09,Bilateral,0.0648,0.0145
76QKQKC0,2024-04-24,2024-04-25,2397875.49,Tri-Party,0.0541,0.0218
0YB7TPF4,2024-07-17,2024-07-18,1622466.72,Bilateral,0.0785,0.013
W2Y0WV8A,2024-01-09,2024-01-10,8553146.71,Tri-Party,0.0195,0.0185
WC8JEPL2,2025-03-16,2025-03-17,1063987.85,Tri-Party,0.0215,0.0137
KW0RJA6Y,2024-03-19,2024-03-20,2159855.66,Bilateral,0.0223,0.0252
SD35MKSI,2024-11-11,2024-11-12,6075208.09,Tri-Party,0.0539,0.0141
BZ3AUGO2,2024-07-20,2024-07-21,7652261.29,Bilateral,0.0775,0.0111
8CYYX4X8,2025-02-02,2025-02-03,1308815.14,Bilateral,0.086,0.0276
D33LJWBR,2024-06-12,2024-06-13,2780448.76,Tri-Party,0.0164,0.0264
YMZXGPNA,2024-01-28,2024-01-29,8174735.43,Tri-Party,0.0955,0.0295
BKR54X83,2024-04-18,2024-04-19,3537441.0,Tri-Party,0.0848,0.0294
KV3GNLOT,2024-12-24,2024-12-25,4761937.48,Tri-Party,0.0992,0.0167
DADXT3VV,2024-06-03,2024-06-04,4075712.97,Tri-Party,0.0394,0.0196
IYPK4WXS,2024-10-06,2024-10-07,4239272.62,Bilateral,0.0383,0.0293
PTOM9V72,2025-03-07,2025-03-08,4795731.39,Bilateral,0.0676,0.0135
8SE3Y7M1,2024-05-21,2024-05-22,3382411.55,Bilateral,0.0466,0.0294
1PID2TNS,2025-02-01,2025-02-02,4287124.18,Tri-Party,0.0288,0.0292
KLDBP1FW,2024-05-01,2024-05-02,1314330.79,Tri-Party,0.0456,0.0168
W4GVIA52,2024-01-31,2024-02-01,2575999.45,Bilateral,0.0796,0.0265
1G4N71WQ,2024-08-15,2024-08-16,4691756.49,Bilateral,0.045,0.0217
NK0T7EOG,2024-04-28,2024-04-29,1343406.57,Bilateral,0.0648,0.0287
KJD6MJ3H,2024-09-19,2024-09-20,5458194.83,Tri-Party,0.0532,0.027
KKW8Q482,2025-02-05,2025-02-06,4457393.59,Bilateral,0.0886,0.0277
KA5DC969,2024-04-13,2024-04-14,3784616.24,Tri-Party,0.0583,0.0244
VGTJ7H0K,2024-04-11,2024-04-12,5481910.27,Bilateral,0.0901,0.0202
CJG6UENI,2024-12-31,2025-01-01,9633378.86,Tri-Party,0.0961,0.0136
YWCD5YY6,2024-10-16,2024-10-17,1507619.21,Tri-Party,0.0434,0.0274
6TVRMFCW,2024-07-06,2024-07-07,7379268.89,Bilateral,0.0131,0.0228
BYBZP3WB,2024-12-15,2024-12-16,6604150.09,Tri-Party,0.0804,0.0155
KOJCXVN1,2024-03-29,2024-03-30,8516047.05,Bilateral,0.0913,0.0221
HXHZM96V,2025-03-03,2025-03-04,2921705.18,Tri-Party,0.0367,0.0122
J133VRVT,2024-09-23,2024-09-24,4732052.48,Bilateral,0.017,0.011
V7COIZG1,2024-07-31,2024-08-01,6160928.64,Bilateral,0.0884,0.0247
9BNJM6QO,2024-06-12,2024-06-13,5969062.04,Bilateral,0.0264,0.027
S2GX6INB,2024-12-14,2024-12-15,9725923.85,Tri-Party,0.0722,0.0285
T82WLHQ7,2024-05-23,2024-05-24,2190097.82,Tri-Party,0.0408,0.0159
9IZYO1PJ,2024-07-08,2024-07-09,3580204.45,Bilateral,0.0181,0.0208
KVDAFU56,2024-06-06,2024-06-07,3416103.7,Bilateral,0.061,0.0181
77MO8H5T,2025-02-21,2025-02-22,9451875.49,Bilateral,0.0645,0.0164
8JOWO1I1,2024-03-24,2024-03-25,8826333.75,Tri-Party,0.0808,0.0293
3JBIZG91,2024-07-18,2024-07-19,6217098.67,Tri-Party,0.0786,0.0179
RNROQRDA,2024-04-23,2024-04-24,7418784.46,Tri-Party,0.074,0.0121
YEANM8KJ,2024-10-05,2024-10-06,7638963.41,Bilateral,0.0394,0.0195
TLK8IC0I,2024-10-12,2024-10-13,9394321.61,Tri-Party,0.0211,0.0182
VSE52FE0,2024-03-17,2024-03-18,4969170.7,Bilateral,0.0931,0.0198
VNOA0L0Q,2024-07-11,2024-07-12,3368085.29,Bilateral,0.0409,0.0152
I3GS53WC,2025-02-14,2025-02-15,3487109.75,Bilateral,0.0725,0.0155
J5CZPJNE,2025-03-21,2025-03-22,1221033.19,Tri-Party,0.0568,0.0275
ZL2FDVJ1,2024-09-09,2024-09-10,9419979.21,Tri-Party,0.0589,0.01
MJEFWDD4,2024-10-31,2024-11-01,2826396.99,Bilateral,0.0457,0.022
OBC8GZT6,2024-07-16,2024-07-17,7807855.4,Tri-Party,0.0994,0.0279
AW57VHXT,2024-11-11,2024-11-12,1918124.84,Tri-Party,0.0221,0.0194
VQ6ULBKT,2024-04-27,2024-04-28,2415968.82,Bilateral,0.0337,0.0112
GTER64F7,2024-11-21,2024-11-22,9923013.96,Bilateral,0.0859,0.0158
3726SAKF,2024-11-13,2024-11-14,1977746.85,Tri-Party,0.0807,0.0285
1W5WNREB,2024-08-02,2024-08-03,7353580.0,Tri-Party,0.0139,0.0279
52LKV5WC,2024-10-18,2024-10-19,4022484.1,Tri-Party,0.0172,0.0273
44AGXUDE,2024-04-23,2024-04-24,1813769.73,Bilateral,0.0719,0.0237
AL53WLZU,2025-02-13,2025-02-14,4350830.96,Bilateral,0.069,0.0211
GBVUGZPR,2024-05-22,2024-05-23,6239062.45,Bilateral,0.0599,0.0242
JHZ0PTTA,2024-09-30,2024-10-01,9877137.41,Bilateral,0.0463,0.028
28C7J330,2024-03-11,2024-03-12,7514822.45,Bilateral,0.0795,0.0118
4TXG7R7S,2024-05-31,2024-06-01,9584324.59,Tri-Party,0.0572,0.023
K5Y6FWKL,2024-08-09,2024-08-10,2858153.0,Bilateral,0.0256,0.0121
FP5XA0UD,2024-01-13,2024-01-14,6290272.59,Tri-Party,0.0268,0.0259
53TMAR8M,2024-09-11,2024-09-12,7025802.14,Bilateral,0.0503,0.0255
D1DNIIKK,2025-01-19,2025-01-20,6891233.3,Bilateral,0.0913,0.0119
15QYPB3O,2024-12-07,2024-12-08,5477819.29,Bilateral,0.0618,0.0135
M7ZS0VIG,2024-03-21,2024-03-22,3199063.43,Bilateral,0.079,0.0214
C59AND15,2024-10-30,2024-10-31,3044181.8,Tri-Party,0.0151,0.0169
WW8VT7NN,2024-09-27,2024-09-28,7669170.19,Tri-Party,0.011,0.0147
HFX3EQQG,2024-04-29,2024-04-30,1205640.28,Tri-Party,0.0482,0.0214
9DZFU007,2024-09-29,2024-09-30,1709136.07,Tri-Party,0.0208,0.0299
048HN39G,2024-03-13,2024-03-14,5607199.34,Tri-Party,0.0975,0.0249
HSRLECEX,2024-07-02,2024-07-03,7235635.14,Tri-Party,0.0525,0.0159
9RJRT9OQ,2024-08-07,2024-08-08,7388536.65,Tri-Party,0.0546,0.0299
023R5PM9,2024-09-11,2024-09-12,3504758.47,Bilateral,0.0105,0.0294
TRVPQT7B,2024-06-05,2024-06-06,1392233.98,Bilateral,0.0436,0.0263
IFYK5HB9,2024-05-24,2024-05-25,3227545.04,Bilateral,0.0564,0.0111
YO6B5RXV,2024-07-01,2024-07-02,6739245.98,Bilateral,0.0585,0.0124
QHMB3KTN,2024-03-07,2024-03-08,3243755.19,Bilateral,0.0265,0.0186
4QUOJ8D7,2025-03-05,2025-03-06,9727051.89,Tri-Party,0.0376,0.0124
B202JHCW,2025-02-26,2025-02-27,5240129.76,Tri-Party,0.0327,0.016
NG60ZK1H,2024-11-28,2024-11-29,8960720.1,Bilateral,0.0953,0.018
AV2NUBWX,2025-01-28,2025-01-29,9842017.96,Bilateral,0.0379,0.0155
ZGNRBONI,2024-12-16,2024-12-17,5054258.48,Tri-Party,0.0874,0.0214
9NKF88P2,2025-03-25,2025-03-26,4157088.84,Tri-Party,0.0149,0.0169
WP9H7HA0,2024-03-17,2024-03-18,8855005.01,Bilateral,0.0279,0.0182
LP2KLURY,2025-03-03,2025-03-04,1288646.63,Tri-Party,0.0283,0.0221
6AYNSKDR,2024-06-15,2024-06-16,4272125.94,Bilateral,0.0298,0.0248
RN5H8Q8X,2024-07-10,2024-07-11,5455907.44,Bilateral,0.0789,0.0236
Q62WWVJ4,2024-12-09,2024-12-10,5952459.32,Tri-Party,0.0758,0.0154
3Z0YGJGY,2024-02-07,2024-02-08,3149684.15,Tri-Party,0.0879,0.0103
39GY255O,2025-01-07,2025-01-08,1926794.98,Bilateral,0.0345,0.0211
1UH55ABP,2024-03-15,2024-03-16,9010828.69,Tri-Party,0.0627,0.0243
ZWCLNEHE,2024-09-26,2024-09-27,3187789.71,Tri-Party,0.0525,0.0149
R9IR6NFP,2025-03-21,2025-03-22,1122533.03,Tri-Party,0.0961,0.0248
QBQC13T0,2024-09-14,2024-09-15,6890425.07,Bilateral,0.0968,0.0262
6AJ6CW82,2024-09-20,2024-09-21,9997831.33,Tri-Party,0.0642,0.0197
DS68HNK4,2024-12-10,2024-12-11,6742544.64,Tri-Party,0.0967,0.0182
AGIMZX0A,2024-07-26,2024-07-27,7065833.79,Tri-Party,0.0819,0.0156
FFG2G39U,2024-04-21,2024-04-22,8083739.41,Tri-Party,0.037,0.0207
0IXM6QEU,2024-05-23,2024-05-24,3075949.47,Bilateral,0.0897,0.0244
YYL7VWO1,2024-10-30,2024-10-31,3083446.35,Bilateral,0.0129,0.0247
R6RWZF8P,2024-06-21,2024-06-22,5186470.0,Bilateral,0.0759,0.0227
EP802DWP,2024-05-24,2024-05-25,2627148.58,Tri-Party,0.0443,0.0155
IZOMNIF0,2024-08-07,2024-08-08,9339155.55,Tri-Party,0.0186,0.0169
FSKYVOKR,2024-02-10,2024-02-11,4466899.96,Tri-Party,0.0779,0.0159
R04K07AI,2025-03-04,2025-03-05,5163903.51,Bilateral,0.0491,0.0239
4I8WC80R,2024-11-09,2024-11-10,7185296.62,Bilateral,0.071,0.0221
OIPAS2IQ,2024-11-19,2024-11-20,5054872.73,Tri-Party,0.0592,0.0229
U0ETSQ9B,2024-09-06,2024-09-07,1019751.32,Bilateral,0.0772,0.0167
8ZEUHMSW,2025-02-28,2025-03-01,8462888.14,Bilateral,0.0991,0.0164
WVUYLMKJ,2024-06-24,2024-06-25,7547950.34,Bilateral,0.0835,0.0197
CJNC637P,2024-04-08,2024-04-09,6292714.33,Bilateral,0.0536,0.0238
SJGDWS12,2024-08-06,2024-08-07,8780231.76,Bilateral,0.0164,0.0271
CBRW8GFY,2024-08-29,2024-08-30,3048171.64,Bilateral,0.0532,0.0296
KXCO5EKJ,2024-12-30,2024-12-31,8807774.98,Bilateral,0.0338,0.0146
3PIW33K8,2025-02-06,2025-02-07,8935791.3,Bilateral,0.0626,0.0244
C5EXEACS,2024-07-28,2024-07-29,5757515.5,Tri-Party,0.0715,0.0293
UCGIPDP6,2025-01-12,2025-01-13,3977708.57,Bilateral,0.0932,0.0147
VQPGA3LH,2025-02-08,2025-02-09,5246572.48,Bilateral,0.0378,0.0183
GK8CAL5N,2024-01-24,2024-01-25,7209217.73,Bilateral,0.0456,0.0241
975AEFUD,2025-01-26,2025-01-27,4068299.52,Bilateral,0.0782,0.0262
3QXVCIGA,2024-12-27,2024-12-28,2863784.82,Bilateral,0.0965,0.0121
TGUOOFPK,2025-01-11,2025-01-12,7886545.13,Bilateral,0.0504,0.0118
OI4DY84C,2024-03-04,2024-03-05,7171541.93,Tri-Party,0.0152,0.0222
S3GCPHCQ,2024-08-19,2024-08-20,3925676.42,Tri-Party,0.093,0.0126
HXZHUC4A,2024-01-15,2024-01-16,6547264.58,Bilateral,0.0641,0.0138
23M76Y5Q,2024-12-13,2024-12-14,4171896.66,Bilateral,0.0554,0.0212
KLFNEM2E,2024-11-08,2024-11-09,8354861.68,Tri-Party,0.0518,0.0107
I8YPQ3RP,2024-03-29,2024-03-30,4463921.71,Bilateral,0.0257,0.023
RCQVOQPP,2024-09-08,2024-09-09,1274097.98,Bilateral,0.0842,0.0235
1EOFAJ43,2024-11-19,2024-11-20,5820627.04,Bilateral,0.0986,0.0298
MS4A73FV,2024-05-19,2024-05-20,2443680.75,Tri-Party,0.064,0.0133
FEGGKOU8,2024-10-11,2024-10-12,9558311.86,Tri-Party,0.0755,0.0282
ALA6PK3N,2024-02-27,2024-02-28,5323704.08,Bilateral,0.0271,0.0273
COIBYAAO,2024-05-10,2024-05-11,4183067.4,Tri-Party,0.0425,0.0173
I4LOVEOI,2025-01-15,2025-01-16,3507673.85,Bilateral,0.0787,0.0288
3N3O2PMT,2024-12-05,2024-12-06,2993859.79,Bilateral,0.0712,0.0108
522N27BF,2024-03-12,2024-03-13,6877033.64,Tri-Party,0.0113,0.0191
U6KD9GQY,2024-02-25,2024-02-26,7321186.6,Bilateral,0.0189,0.011
O0T2L7W8,2024-05-12,2024-05-13,3721683.88,Tri-Party,0.0577,0.0171
IDCU86HS,2024-12-18,2024-12-19,9811819.9,Tri-Party,0.0645,0.0231
BSYWX5WY,2024-12-06,2024-12-07,2547338.3,Tri-Party,0.0694,0.0285
9D0MUCDO,2025-03-25,2025-03-26,9631775.19,Tri-Party,0.0946,0.0122
9K1GQ82X,2025-02-05,2025-02-06,9185641.31,Bilateral,0.012,0.0186
8Y6TGQ4H,2025-02-06,2025-02-07,5833672.84,Bilateral,0.0831,0.03
WQDNKZHR,2025-01-12,2025-01-13,4601858.78,Tri-Party,0.0503,0.0249
84VZYRU1,2025-03-06,2025-03-07,7775930.4,Bilateral,0.0275,0.0283
B5LJZI6B,2025-01-04,2025-01-05,8780878.05,Bilateral,0.0262,0.021
T8ZA69D7,2025-01-26,2025-01-27,5284948.02,Tri-Party,0.0795,0.0224
T1XRG5UP,2024-09-04,2024-09-05,1232432.33,Bilateral,0.0747,0.0248
MZYDFCYS,2024-04-25,2024-04-26,6892365.16,Bilateral,0.0208,0.0241
LZTVL80B,2024-08-08,2024-08-09,7492227.33,Tri-Party,0.0834,0.0112
S70PAXBW,2024-04-11,2024-04-12,4249249.45,Tri-Party,0.0613,0.0299
OLCMI5RH,2024-01-12,2024-01-13,9677790.24,Bilateral,0.0504,0.0245
LUGVE6UJ,2024-04-05,2024-04-06,4252555.35,Tri-Party,0.0586,0.0143
JPI8TROJ,2024-05-07,2024-05-08,4380296.81,Tri-Party,0.0689,0.0145
PQ50OCES,2024-03-11,2024-03-12,7597628.83,Tri-Party,0.0674,0.025
V0FHJRQY,2024-04-20,2024-04-21,9472296.39,Bilateral,0.0371,0.0242
QLA4W7T9,2024-10-15,2024-10-16,2898294.8,Bilateral,0.0105,0.0228
YVB5MXRJ,2024-02-29,2024-03-01,9317365.78,Bilateral,0.0991,0.0271
IE539OZ1,2024-06-11,2024-06-12,2729491.73,Tri-Party,0.0448,0.0292
8P3TEMP6,2024-03-30,2024-03-31,3557182.05,Bilateral,0.0598,0.0288
GW2BNCCW,2024-08-05,2024-08-06,6411952.9,Bilateral,0.0501,0.0215
9YUJ4GE7,2024-11-01,2024-11-02,1763686.42,Bilateral,0.0149,0.0257
7ZHCGPT1,2024-12-31,2025-01-01,6351834.02,Bilateral,0.0829,0.0157
OHXHP8PQ,2024-01-13,2024-01-14,8885367.96,Tri-Party,0.061,0.0266
JDRKVJHZ,2024-12-20,2024-12-21,9023211.14,Bilateral,0.0848,0.0253
CVMKHCKR,2025-03-15,2025-03-16,2486404.75,Tri-Party,0.0325,0.0266
LEIW18WS,2024-10-31,2024-11-01,1153151.09,Bilateral,0.0249,0.0232
JYWR9QN4,2024-08-22,2024-08-23,6349262.18,Bilateral,0.0279,0.012
GAN1L0AR,2024-10-27,2024-10-28,6206145.27,Bilateral,0.0471,0.0271
MYY76LAY,2024-06-01,2024-06-02,6227584.91,Bilateral,0.0599,0.0201
9C36BQFW,2024-11-12,2024-11-13,3855272.75,Tri-Party,0.0542,0.0165
W5HYA4XQ,2024-09-01,2024-09-02,3482385.46,Tri-Party,0.0542,0.0285
XXG67CUQ,2024-09-20,2024-09-21,5219852.09,Bilateral,0.0585,0.0293
EQJ25IVA,2024-08-01,2024-08-02,4505930.66,Tri-Party,0.0213,0.0246
EDCF5EKQ,2024-03-13,2024-03-14,3573436.21,Bilateral,0.0263,0.0109
1EEH2BC8,2024-04-17,2024-04-18,4051854.26,Bilateral,0.0208,0.0146
02L6PL49,2024-09-25,2024-09-26,8792272.72,Bilateral,0.0799,0.0298
ZT9REOUN,2024-01-03,2024-01-04,6808268.87,Tri-Party,0.0809,0.0237
XJWW88L7,2024-06-22,2024-06-23,5132055.62,Bilateral,0.0714,0.0191
FUYLPRDC,2024-12-05,2024-12-06,8720887.53,Tri-Party,0.0226,0.0146
X1NE4V2F,2024-04-26,2024-04-27,8114861.23,Bilateral,0.0842,0.0286
X8AICA5Q,2024-09-10,2024-09-11,2542443.24,Bilateral,0.0279,0.0173
1AX50X4V,2024-01-07,2024-01-08,2746203.34,Tri-Party,0.0316,0.0268
YL7LC9GG,2024-03-08,2024-03-09,9717315.07,Tri-Party,0.0205,0.0233
0069Z9LM,2024-07-08,2024-07-09,6037571.07,Tri-Party,0.0237,0.014
LCWCC7G8,2024-11-24,2024-11-25,7765094.09,Bilateral,0.0243,0.0212
CDOYU8II,2024-09-30,2024-10-01,8802500.59,Tri-Party,0.0975,0.0128
8L5DWF2O,2025-03-01,2025-03-02,4757788.11,Tri-Party,0.0217,0.0262
T51K0EDA,2024-12-28,2024-12-29,5428423.44,Bilateral,0.0862,0.0269
1KG8ORPS,2024-02-19,2024-02-20,9331831.95,Tri-Party,0.0576,0.0214
NHN57C13,2024-12-04,2024-12-05,6836355.23,Bilateral,0.0148,0.0254
ZD5NQ0OD,2025-01-02,2025-01-03,5435149.01,Bilateral,0.0929,0.0224
0NXVCFEU,2024-06-17,2024-06-18,5879783.64,Tri-Party,0.0229,0.0284
5ZG49PRL,2024-06-01,2024-06-02,8566346.69,Bilateral,0.0147,0.0241
DUAT9LTQ,2024-12-22,2024-12-23,1725513.98,Bilateral,0.098,0.0119
SG25ANIX,2024-08-31,2024-09-01,4242228.99,Bilateral,0.0456,0.0296
HZI5THSR,2024-06-04,2024-06-05,2718072.66,Bilateral,0.0808,0.0155
BD83H9D8,2024-08-31,2024-09-01,5256411.7,Tri-Party,0.0793,0.0159
5P0S4X67,2024-06-11,2024-06-12,3392812.88,Tri-Party,0.0769,0.0121
LYSCP1IS,2024-04-20,2024-04-21,9821639.46,Bilateral,0.0542,0.0102
T28VCDL9,2024-05-26,2024-05-27,1483276.49,Tri-Party,0.0528,0.0266
PUC8G7VE,2024-09-06,2024-09-07,2810020.85,Bilateral,0.072,0.0262
4F0STQZ0,2024-02-01,2024-02-02,7754452.99,Bilateral,0.0543,0.0296
P40IJCXD,2024-11-29,2024-11-30,8304705.84,Bilateral,0.0514,0.0243
KUHJOCJM,2024-06-15,2024-06-16,9392902.73,Bilateral,0.0814,0.0146
O0064RJM,2025-02-07,2025-02-08,4549947.72,Bilateral,0.0117,0.0278
ZLOD0EIY,2024-01-11,2024-01-12,9529826.07,Bilateral,0.0214,0.0148
YEGH5CCM,2024-12-26,2024-12-27,7116314.33,Bilateral,0.0995,0.02
FV98Y4AF,2024-12-18,2024-12-19,9377077.23,Tri-Party,0.0572,0.0261
TCOWL9HQ,2024-02-23,2024-02-24,2219364.77,Tri-Party,0.0285,0.0264
EXE97PU9,2024-03-31,2024-04-01,6681260.9,Tri-Party,0.0332,0.0117
RC81JAZ4,2024-12-12,2024-12-13,5709635.02,Bilateral,0.0475,0.0188
W4FUI89G,2025-01-10,2025-01-11,6810446.3,Tri-Party,0.0491,0.018
CYR3BZDH,2024-08-03,2024-08-04,9205210.49,Tri-Party,0.0749,0.0162
2H8K9739,2024-12-22,2024-12-23,5567312.45,Tri-Party,0.0344,0.0253
R54Y1772,2025-01-14,2025-01-15,2064430.44,Bilateral,0.019,0.0257
XFTLC3M5,2024-05-07,2024-05-08,4820671.13,Bilateral,0.0541,0.025
8FCPHEP0,2025-02-26,2025-02-27,7055226.72,Tri-Party,0.0393,0.0151
PACV5N44,2025-02-01,2025-02-02,9417877.5,Tri-Party,0.0818,0.0142
XXJL3003,2024-07-12,2024-07-13,5355217.05,Tri-Party,0.0799,0.0164
UWPNFBAC,2024-07-25,2024-07-26,3747372.19,Bilateral,0.0322,0.0181
J1R0Z2OB,2024-10-11,2024-10-12,4028489.02,Bilateral,0.074,0.0282
GLPUF1O5,2024-07-13,2024-07-14,9519462.82,Tri-Party,0.0224,0.0227
LVEZCPTQ,2024-02-17,2024-02-18,6107996.21,Bilateral,0.072,0.0109
Q6Y11KKT,2024-11-24,2024-11-25,9158303.07,Bilateral,0.0659,0.0162
DE4HA0H6,2024-09-09,2024-09-10,4064272.06,Bilateral,0.0197,0.0285
P75BR5O1,2025-01-02,2025-01-03,7773937.14,Tri-Party,0.0759,0.0134
R1IDDWQK,2024-11-08,2024-11-09,4670567.95,Tri-Party,0.0335,0.0259
K0UJ19VP,2024-08-19,2024-08-20,3965505.86,Tri-Party,0.0974,0.0155
APLOIFEE,2025-01-08,2025-01-09,7763915.61,Tri-Party,0.0265,0.0251
TBTOLDQ5,2024-12-15,2024-12-16,5688370.99,Tri-Party,0.0791,0.0101
WDSR6IE8,2024-05-28,2024-05-29,1873108.72,Tri-Party,0.0297,0.0162
7SRQ6ZMH,2024-02-05,2024-02-06,4058777.3,Bilateral,0.0838,0.017
F2SH984O,2025-01-05,2025-01-06,3164298.54,Bilateral,0.0507,0.0282
MI3THU6E,2024-10-07,2024-10-08,6173471.03,Tri-Party,0.0535,0.0249
03PPR4EC,2024-06-19,2024-06-20,9839237.78,Tri-Party,0.0201,0.0295
5HYGZE1J,2024-07-02,2024-07-03,7499284.83,Bilateral,0.0726,0.0131
H50KYTF7,2024-05-31,2024-06-01,1703527.61,Tri-Party,0.0439,0.0207
6K8XHS9R,2024-03-09,2024-03-10,1510862.35,Tri-Party,0.08,0.0253
2MHOYFCA,2024-06-05,2024-06-06,4555126.08,Bilateral,0.0285,0.0267
SKU371KX,2024-03-22,2024-03-23,4342927.0,Tri-Party,0.0206,0.0269
NHFP92NK,2024-03-08,2024-03-09,1030849.92,Bilateral,0.0651,0.0136
3C4ZAA9H,2024-07-29,2024-07-30,7797175.52,Bilateral,0.0267,0.0214
62IOYDAD,2024-11-08,2024-11-09,8269356.66,Bilateral,0.0391,0.0157
FUM0A2YY,2024-05-26,2024-05-27,3248609.49,Bilateral,0.0461,0.0245
851OL82T,2024-11-02,2024-11-03,8943806.95,Bilateral,0.0214,0.0195
0V6K20IW,2025-03-15,2025-03-16,7447328.04,Bilateral,0.069,0.0212
SK8JIKZQ,2024-12-21,2024-12-22,3138879.33,Bilateral,0.0127,0.011
N7NXDCTV,2025-02-05,2025-02-06,1639084.04,Tri-Party,0.0845,0.0144
TP02B3DC,2025-01-08,2025-01-09,3155167.8,Tri-Party,0.0192,0.0226
XFC2RRHR,2025-03-12,2025-03-13,6378365.31,Tri-Party,0.0251,0.0182
4XRUUG08,2024-09-07,2024-09-08,2313307.84,Tri-Party,0.0124,0.0162
HKRD0BSX,2024-11-27,2024-11-28,8060557.46,Bilateral,0.0233,0.0142
EUSE342Z,2024-02-10,2024-02-11,7500722.09,Tri-Party,0.061,0.021
KDBBV32N,2024-10-08,2024-10-09,8163181.87,Tri-Party,0.0592,0.0272
B3FUSK4G,2024-01-09,2024-01-10,4040818.81,Bilateral,0.0355,0.0276
60IB5WMF,2024-01-19,2024-01-20,9092956.8,Bilateral,0.0883,0.0253
DQF5FVG8,2024-07-04,2024-07-05,8873481.51,Bilateral,0.0281,0.0109
0VHFJOVP,2024-06-18,2024-06-19,3254433.45,Tri-Party,0.0557,0.0276
TSADIQ3H,2024-03-30,2024-03-31,5545224.14,Tri-Party,0.0326,0.0162
3BMN0GXY,2024-08-24,2024-08-25,9429247.99,Tri-Party,0.0549,0.0224
F6JH2XHS,2024-06-13,2024-06-14,5793149.24,Tri-Party,0.0281,0.0298
VN5E02DX,2024-09-13,2024-09-14,5301902.99,Bilateral,0.0231,0.0232
KD1KAVMU,2024-04-20,2024-04-21,2415994.35,Bilateral,0.0812,0.012
TULT8MC3,2024-09-21,2024-09-22,5881512.48,Tri-Party,0.0793,0.0283
7NTUZZ75,2024-07-10,2024-07-11,6752797.12,Tri-Party,0.0434,0.027
UG5KH1A9,2024-12-22,2024-12-23,7647324.66,Tri-Party,0.0817,0.0181
Z2MU7MFW,2024-01-28,2024-01-29,2346311.31,Tri-Party,0.0426,0.0265
LI2U079E,2024-10-27,2024-10-28,9225257.46,Bilateral,0.086,0.0124
OX00M9A7,2024-08-18,2024-08-19,2143467.73,Tri-Party,0.0595,0.0283
XTWMZWJC,2024-12-17,2024-12-18,2474057.95,Tri-Party,0.0615,0.02
NL19MJ56,2024-10-19,2024-10-20,9414937.33,Tri-Party,0.0631,0.0157
XY6ASCFV,2024-08-22,2024-08-23,5466436.07,Bilateral,0.0429,0.0221
JJ3ZZRJ5,2025-02-20,2025-02-21,4801860.4,Bilateral,0.0924,0.022
6CQ1NJ8K,2024-09-21,2024-09-22,6226227.72,Bilateral,0.0608,0.0214
ZM72FLI0,2025-03-02,2025-03-03,9610962.14,Bilateral,0.0613,0.0269
VU4YKOPP,2024-07-22,2024-07-23,7352522.7,Tri-Party,0.0436,0.0224
9IWY895I,2024-05-21,2024-05-22,4352432.07,Tri-Party,0.0827,0.0195
7PYAC3RE,2024-05-05,2024-05-06,5454757.04,Bilateral,0.0294,0.0182
2C6FLWNL,2024-12-28,2024-12-29,9624858.27,Tri-Party,0.0951,0.0118
U9A43V1C,2024-02-26,2024-02-27,9087694.22,Bilateral,0.0121,0.0217
HHAFDX0Q,2024-04-18,2024-04-19,3879884.66,Tri-Party,0.022,0.0283
VAXP9RJV,2025-03-01,2025-03-02,6574159.78,Tri-Party,0.0228,0.011
7VKVUQXT,2024-07-03,2024-07-04,8634889.15,Tri-Party,0.0708,0.0225
RGB45H7C,2024-09-23,2024-09-24,2370545.06,Bilateral,0.058,0.0292
NSV07Z37,2025-01-19,2025-01-20,5436612.2,Tri-Party,0.0422,0.0181
J4F1PRB5,2024-01-26,2024-01-27,3828689.09,Bilateral,0.0481,0.0187
RKVWG9VP,2025-01-26,2025-01-27,6210874.84,Bilateral,0.0451,0.027
2U1H6LTF,2024-09-18,2024-09-19,6135724.58,Bilateral,0.0893,0.0254
GN2CNWF0,2024-01-07,2024-01-08,1418645.38,Bilateral,0.0124,0.0281
2KXM5L66,2024-12-20,2024-12-21,7913268.11,Bilateral,0.0281,0.0204
O0HRM9E8,2024-02-19,2024-02-20,8722203.97,Tri-Party,0.0735,0.0214
BREJPBZ9,2024-09-25,2024-09-26,4231704.74,Bilateral,0.0612,0.0252
A6569JD1,2024-08-28,2024-08-29,6776256.43,Bilateral,0.0322,0.0245
PZT65PN4,2024-11-23,2024-11-24,8224388.19,Bilateral,0.0958,0.0175
LJ8M0X49,2024-08-14,2024-08-15,9266078.18,Tri-Party,0.0879,0.0182
L2N67W13,2024-11-20,2024-11-21,2602306.58,Tri-Party,0.0959,0.0115
OZM2OVRK,2024-06-08,2024-06-09,6843428.84,Tri-Party,0.0214,0.0251
FJWKR08S,2025-03-28,2025-03-29,9109301.54,Bilateral,0.0189,0.0149
W35J9P3H,2024-11-02,2024-11-03,4674399.38,Tri-Party,0.0845,0.0281
PVY81X02,2024-08-13,2024-08-14,6859648.59,Bilateral,0.0303,0.0123
49TJ630W,2024-06-08,2024-06-09,5163718.18,Tri-Party,0.0661,0.0205
7CHOAYER,2024-10-03,2024-10-04,9739331.54,Bilateral,0.0413,0.0176
69VWVB1Z,2024-09-12,2024-09-13,5919776.24,Tri-Party,0.0838,0.0227
7IRJDCDQ,2025-01-03,2025-01-04,3480475.08,Bilateral,0.0393,0.0164
BUIVBRXF,2024-11-27,2024-11-28,6873891.95,Tri-Party,0.0182,0.0295
7ZXFNSM0,2024-06-21,2024-06-22,9215600.88,Tri-Party,0.0317,0.0269
ZFP8WHPZ,2024-06-03,2024-06-04,7122469.27,Tri-Party,0.0687,0.0276
BDQWQKDD,2024-02-29,2024-03-01,6452647.02,Tri-Party,0.0195,0.0108
74455JIE,2024-01-11,2024-01-12,7128512.45,Bilateral,0.0766,0.0182
GVU91I99,2024-11-30,2024-12-01,3507045.69,Tri-Party,0.0455,0.0203
ZCEBUQ2Y,2025-03-26,2025-03-27,2702907.97,Bilateral,0.0429,0.0222
DNCDO38P,2024-12-26,2024-12-27,8506502.48,Tri-Party,0.0321,0.0149
E8ZYOLHQ,2024-04-26,2024-04-27,4123281.77,Bilateral,0.0997,0.029
3W547R5I,2024-12-24,2024-12-25,3451180.81,Tri-Party,0.0719,0.0272
70ED8RYM,2025-01-21,2025-01-22,1931250.64,Bilateral,0.098,0.015
3081FKHI,2024-05-09,2024-05-10,1405199.24,Bilateral,0.081,0.0112
IVIDM8QU,2024-12-06,2024-12-07,7106544.25,Tri-Party,0.0178,0.0139
U2FD9NQY,2024-11-09,2024-11-10,9763297.74,Bilateral,0.0783,0.0258
UYD6UCPH,2024-08-13,2024-08-14,8542529.95,Bilateral,0.0208,0.0125
3SP25LSL,2025-02-11,2025-02-12,5995294.42,Tri-Party,0.0855,0.0291
Z9GQ5MWM,2024-02-01,2024-02-02,2798052.68,Tri-Party,0.0407,0.0167
SE3MP291,2024-04-14,2024-04-15,1868828.24,Bilateral,0.0489,0.0287
TF7JW7XW,2024-06-12,2024-06-13,7436948.46,Bilateral,0.0716,0.0189
HZ0OV1OM,2025-01-18,2025-01-19,1214659.88,Tri-Party,0.0514,0.0204
MWBZU4L8,2024-04-08,2024-04-09,4905239.85,Tri-Party,0.0369,0.0109
C0LPFLOL,2024-03-05,2024-03-06,2337766.82,Bilateral,0.0343,0.0224
SKPHT9F5,2024-02-19,2024-02-20,8712445.08,Tri-Party,0.0457,0.0211
7O5QO3HM,2024-05-22,2024-05-23,8552940.86,Bilateral,0.0998,0.0118
TPVWC4HW,2024-10-04,2024-10-05,6229856.75,Bilateral,0.0913,0.0223
XBDNM2AY,2025-02-06,2025-02-07,8972120.51,Bilateral,0.095,0.0292
B782FS9G,2024-01-24,2024-01-25,5396940.97,Tri-Party,0.0832,0.0153
JR306FUV,2024-05-03,2024-05-04,6269460.82,Tri-Party,0.0586,0.0198
XY2VVAQ7,2024-04-28,2024-04-29,9192157.62,Tri-Party,0.0448,0.0175
42UKT18Z,2024-03-19,2024-03-20,5648586.97,Bilateral,0.0385,0.0126
HE4LLAK6,2024-01-17,2024-01-18,7819124.5,Bilateral,0.0896,0.0119
0DRT89MF,2024-03-21,2024-03-22,9706125.6,Bilateral,0.0604,0.0125
ZW7LDAER,2024-07-18,2024-07-19,7231603.25,Tri-Party,0.0741,0.0218
YYF6I2XW,2024-09-24,2024-09-25,2104641.7,Tri-Party,0.0597,0.0105
P7PRBXIC,2025-02-24,2025-02-25,8457267.78,Bilateral,0.0406,0.0224
6CG14KN0,2024-05-04,2024-05-05,9670243.56,Tri-Party,0.0533,0.015
O133M0QA,2024-01-24,2024-01-25,4522141.39,Bilateral,0.0497,0.0167
IT6AXHOA,2024-12-22,2024-12-23,8860234.47,Tri-Party,0.0468,0.0218
Q6NNULRE,2024-01-20,2024-01-21,2948204.48,Bilateral,0.0199,0.0184
YCWX6CJJ,2025-03-30,2025-03-31,5862371.95,Tri-Party,0.0623,0.0132
ZEHWVLRW,2024-02-21,2024-02-22,5584188.54,Bilateral,0.0179,0.0232
U4CYXIBS,2024-08-01,2024-08-02,5640538.62,Bilateral,0.0918,0.0256
DVYPDHDD,2024-11-18,2024-11-19,2055950.47,Tri-Party,0.0502,0.0266
OPCE5BVK,2024-02-05,2024-02-06,9145341.5,Tri-Party,0.0532,0.0116
3JSAGUMM,2024-07-18,2024-07-19,7631839.57,Tri-Party,0.0876,0.0103
A50TI130,2024-09-29,2024-09-30,6179741.04,Bilateral,0.0121,0.0222
8RAA8WQ2,2024-04-15,2024-04-16,6429062.38,Bilateral,0.0258,0.0152
90Y5OHGO,2024-03-18,2024-03-19,8804179.55,Bilateral,0.0543,0.0257
E0DW5P18,2024-05-25,2024-05-26,9785615.77,Bilateral,0.0336,0.0103
Q261Y2KA,2024-04-06,2024-04-07,1754783.17,Tri-Party,0.0472,0.0268
CYG37Q75,2024-01-16,2024-01-17,7264211.35,Bilateral,0.0271,0.0188
QOZSERQV,2024-09-25,2024-09-26,3632357.76,Tri-Party,0.0257,0.0163
E173JONP,2024-09-15,2024-09-16,1911746.64,Tri-Party,0.0934,0.0155
ZNME1M65,2025-03-29,2025-03-30,5911313.22,Bilateral,0.0476,0.0172
V3I9SWN3,2024-03-26,2024-03-27,8098678.44,Tri-Party,0.0737,0.0286
JK2DCUEX,2025-03-08,2025-03-09,9340210.48,Tri-Party,0.0744,0.0237
KDKWGX3M,2024-10-15,2024-10-16,1361055.41,Bilateral,0.0231,0.0165
XHBUY94B,2024-04-06,2024-04-07,6161324.54,Bilateral,0.0657,0.0258
DWNWEHHJ,2024-08-27,2024-08-28,8871336.4,Bilateral,0.0567,0.0112
0BI5UHVG,2024-02-07,2024-02-08,3900886.68,Bilateral,0.059,0.0133
25W206X7,2024-10-04,2024-10-05,4844517.95,Bilateral,0.0174,0.0108
9NONFOOR,2024-07-12,2024-07-13,2923271.35,Bilateral,0.061,0.0203
T4RKJRUZ,2024-08-26,2024-08-27,5822251.21,Tri-Party,0.0996,0.0156
D50PCMAP,2024-04-14,2024-04-15,4396956.58,Bilateral,0.0458,0.0188
JPGBSKUN,2024-01-09,2024-01-10,7684643.75,Bilateral,0.0969,0.0297
LE9A55GG,2024-07-04,2024-07-05,5118727.51,Tri-Party,0.0572,0.021
2Y7IG2PB,2024-04-29,2024-04-30,4347365.28,Bilateral,0.0439,0.0144
XZJT8HVG,2024-10-01,2024-10-02,2892891.15,Bilateral,0.0924,0.0187
35GOAC95,2024-12-26,2024-12-27,4538781.53,Bilateral,0.0664,0.0162
NEYVF7NR,2024-04-12,2024-04-13,8534013.51,Tri-Party,0.0449,0.02
FO0SLG8W,2024-05-13,2024-05-14,8087150.36,Bilateral,0.0293,0.0164
ZK40UWW1,2024-12-18,2024-12-19,5233132.03,Bilateral,0.0522,0.0286
DEIHGP2U,2024-06-01,2024-06-02,4924675.3,Bilateral,0.0651,0.0153
6VGCA22E,2024-05-22,2024-05-23,8153562.09,Tri-Party,0.0185,0.0299
93UYKWA6,2024-11-28,2024-11-29,9587989.88,Bilateral,0.0101,0.023
XKNHGK0T,2024-11-02,2024-11-03,9002842.49,Bilateral,0.0346,0.0206
V4HTIJQT,2024-12-24,2024-12-25,5458721.32,Tri-Party,0.0587,0.0193
3X6N7UUS,2024-06-01,2024-06-02,4291136.93,Tri-Party,0.094,0.0251
EM83VUPY,2024-11-24,2024-11-25,5301727.13,Bilateral,0.0104,0.0244
LKPE0O6X,2024-02-20,2024-02-21,4100379.25,Bilateral,0.0414,0.0205
OEXB1TXT,2024-02-05,2024-02-06,4538456.26,Tri-Party,0.0346,0.0102
HNMCDLE4,2024-04-18,2024-04-19,5249732.94,Bilateral,0.0118,0.0186
2ACWYS7Q,2024-11-14,2024-11-15,3489567.0,Tri-Party,0.0152,0.011
4ZL7X2FR,2025-02-01,2025-02-02,1959983.29,Tri-Party,0.0908,0.0167
D3RZEZR4,2024-09-05,2024-09-06,1136499.99,Tri-Party,0.0755,0.017
Z48WCZ1Q,2024-11-17,2024-11-18,3210563.77,Tri-Party,0.0959,0.0136
4AAM4KS6,2024-01-07,2024-01-08,5330806.98,Tri-Party,0.0509,0.0241
Z541VZEY,2024-08-10,2024-08-11,8369202.6,Bilateral,0.0791,0.0282
B2UZXMA1,2024-10-15,2024-10-16,1519021.56,Tri-Party,0.0387,0.0293
V8P4YG84,2024-02-20,2024-02-21,9915049.3,Tri-Party,0.0531,0.024
ASBFCFZP,2024-09-27,2024-09-28,9201424.63,Bilateral,0.0391,0.0223
1D5CWU76,2024-05-02,2024-05-03,4041520.67,Tri-Party,0.0898,0.0177
C6W6AV4P,2025-01-13,2025-01-14,9977264.96,Bilateral,0.0618,0.0235
ILXMN8YH,2024-11-06,2024-11-07,1330409.69,Bilateral,0.0805,0.0156
GCYC512A,2024-07-31,2024-08-01,8167308.13,Tri-Party,0.021,0.0255
PMKB9BIC,2024-04-21,2024-04-22,2501587.43,Tri-Party,0.0237,0.0154
G0KSUYSA,2024-06-28,2024-06-29,2936486.7,Tri-Party,0.0218,0.0149
K6BU45X4,2024-10-12,2024-10-13,2280749.87,Tri-Party,0.0179,0.0185
33HTONSJ,2024-10-01,2024-10-02,6145759.85,Bilateral,0.0892,0.0225
RRTXAM6F,2024-02-07,2024-02-08,2621562.14,Bilateral,0.0423,0.0258
WXC06TIM,2024-03-06,2024-03-07,9371120.1,Tri-Party,0.0323,0.0163
1RRXEP70,2024-06-16,2024-06-17,9797941.42,Tri-Party,0.0948,0.0258
PT62WY8Q,2024-05-22,2024-05-23,4130750.83,Tri-Party,0.0496,0.0249
DRL4NSUB,2024-04-04,2024-04-05,8841888.17,Tri-Party,0.0487,0.0129
P5O41BM9,2024-03-02,2024-03-03,2081898.04,Bilateral,0.0219,0.0135
TE4DXV68,2024-08-21,2024-08-22,7320714.56,Bilateral,0.0289,0.0297
FXLPZGC4,2024-10-29,2024-10-30,8037929.0,Tri-Party,0.0405,0.0159
6YNM4NQ4,2024-05-17,2024-05-18,1220103.31,Bilateral,0.0313,0.0234
QUXYJNDM,2024-10-23,2024-10-24,8572983.61,Tri-Party,0.0111,0.0137
4O410TAI,2024-11-01,2024-11-02,4199686.39,Bilateral,0.0972,0.0117
C3GMUJ6W,2024-01-27,2024-01-28,9884831.05,Tri-Party,0.026,0.0121
DZ8NAZSB,2024-12-19,2024-12-20,1642265.36,Tri-Party,0.0456,0.0136
N1CDVFT9,2024-07-06,2024-07-07,4762853.97,Bilateral,0.065,0.0255
G2113XTM,2024-07-10,2024-07-11,3253094.5,Tri-Party,0.053,0.0296
63VS53XT,2024-10-24,2024-10-25,8629085.2,Tri-Party,0.0909,0.0227
F5M4Y5N0,2025-01-10,2025-01-11,6977982.96,Tri-Party,0.0427,0.0287
77CZQZO9,2025-01-29,2025-01-30,6626466.1,Bilateral,0.0721,0.0258
GX5X7GPN,2025-01-07,2025-01-08,6793408.5,Bilateral,0.0732,0.0187
ELU4QB6D,2025-03-19,2025-03-20,9633457.97,Bilateral,0.044,0.0123
5UJCEMQE,2024-12-19,2024-12-20,6866020.21,Tri-Party,0.0312,0.029
GMCTT7P5,2024-06-30,2024-07-01,9371714.96,Tri-Party,0.0771,0.0235
BLAK09XR,2024-05-12,2024-05-13,5635446.02,Bilateral,0.0544,0.0237
EEPS0CC4,2024-04-09,2024-04-10,9889965.27,Tri-Party,0.0305,0.0131
B46H05V7,2025-03-30,2025-03-31,1847401.28,Bilateral,0.0612,0.0239
A8VWYH16,2024-04-03,2024-04-04,8632431.62,Tri-Party,0.071,0.015
F562BT7D,2024-07-26,2024-07-27,9199992.04,Bilateral,0.0556,0.0127
2G3164VU,2024-12-03,2024-12-04,3308321.57,Bilateral,0.0604,0.0195
WKGFLBOC,2024-06-07,2024-06-08,1635624.73,Bilateral,0.0161,0.0176
RBACW00E,2024-09-21,2024-09-22,1697979.54,Tri-Party,0.0133,0.0237
BOBO6E85,2024-04-29,2024-04-30,3041096.27,Tri-Party,0.0417,0.0135
9UARAL1R,2024-11-15,2024-11-16,2554081.08,Bilateral,0.0463,0.0139
KR8M0IKU,2024-11-29,2024-11-30,8063417.77,Bilateral,0.0314,0.0253
MCNF31P1,2024-02-18,2024-02-19,2247404.36,Bilateral,0.0962,0.0295
VM67E2HO,2025-03-11,2025-03-12,3431842.69,Bilateral,0.0326,0.0218
WBRGO225,2024-07-21,2024-07-22,6904831.86,Bilateral,0.0484,0.0255
5TIUD3DC,2024-12-28,2024-12-29,3577187.38,Bilateral,0.0751,0.0121
44OWUR25,2025-03-17,2025-03-18,9150605.25,Tri-Party,0.0589,0.0147
TV1TRSCQ,2024-07-29,2024-07-30,8170793.92,Bilateral,0.0478,0.0124
VDU64QHA,2025-02-20,2025-02-21,9522300.72,Bilateral,0.0579,0.0164
VIF1RMQM,2024-05-14,2024-05-15,6523023.3,Tri-Party,0.0581,0.028
1WVI3XHL,2024-10-10,2024-10-11,7055349.62,Tri-Party,0.0172,0.027
YH4U7VOQ,2024-08-20,2024-08-21,8598739.04,Tri-Party,0.0671,0.0211
UE0OZ8OY,2024-03-17,2024-03-18,7505379.12,Tri-Party,0.048,0.0276
30ZQJG2K,2024-09-15,2024-09-16,4123681.48,Bilateral,0.0554,0.0173
DQKG0HLE,2025-03-01,2025-03-02,5884037.65,Bilateral,0.0119,0.0283
J6D1TJT7,2025-01-19,2025-01-20,8414389.72,Bilateral,0.0551,0.0191
O4WYM8ZX,2024-06-05,2024-06-06,4455700.77,Tri-Party,0.0791,0.0133
YLA2Z5HO,2024-01-14,2024-01-15,8795437.4,Bilateral,0.0243,0.0294
F68JEBAQ,2024-08-01,2024-08-02,5708411.58,Bilateral,0.0221,0.0146
PI37LH0B,2024-08-28,2024-08-29,7376224.36,Tri-Party,0.0449,0.0151
2Y30MJI6,2024-05-22,2024-05-23,3264516.5,Tri-Party,0.0716,0.0245
4CJ8HZG5,2024-07-16,2024-07-17,8653757.42,Tri-Party,0.0446,0.0186
HG14UJE3,2024-11-05,2024-11-06,6677687.9,Bilateral,0.0191,0.0129
5D3K7T6D,2024-03-24,2024-03-25,9435746.1,Bilateral,0.0577,0.0111
IYMH8ELF,2025-01-03,2025-01-04,3532674.49,Bilateral,0.0384,0.0107
PD0L6HTQ,2024-01-20,2024-01-21,4937346.79,Tri-Party,0.0998,0.0242
NPO7JP4O,2024-06-11,2024-06-12,5922494.4,Tri-Party,0.0772,0.0113
BCKT9ZGU,2025-03-15,2025-03-16,9571768.51,Bilateral,0.0676,0.0298
S3EZG41L,2024-05-29,2024-05-30,3117029.34,Bilateral,0.0471,0.0288
TMCLQ3SI,2024-07-12,2024-07-13,1510761.58,Tri-Party,0.0413,0.028
P9X2TLRG,2025-01-30,2025-01-31,4645315.31,Bilateral,0.0674,0.023
037JD02H,2024-09-23,2024-09-24,4953173.97,Bilateral,0.0324,0.019
SURJ4URS,2024-04-29,2024-04-30,4284459.82,Bilateral,0.0725,0.024
Y6FM3FSJ,2024-02-14,2024-02-15,6523892.54,Bilateral,0.0664,0.0116
6H9IKFBK,2024-09-13,2024-09-14,3110352.8,Bilateral,0.0166,0.0202
U0BY28RI,2024-09-30,2024-10-01,9384282.22,Tri-Party,0.0562,0.0102
L1RPMJ1V,2024-01-16,2024-01-17,6141798.36,Tri-Party,0.0834,0.015
MKJN37CF,2024-10-08,2024-10-09,9369209.58,Bilateral,0.0657,0.0137
FR5588HD,2024-09-12,2024-09-13,2072233.48,Bilateral,0.0105,0.019
1P4SCTY3,2024-03-20,2024-03-21,5859229.89,Tri-Party,0.0295,0.0117
CXLW3MJB,2024-09-14,2024-09-15,1664125.54,Bilateral,0.0234,0.0233
QBVK6V3W,2024-01-19,2024-01-20,1973582.13,Tri-Party,0.0774,0.0141
